{"cameraMode":{"drawMode":0,"name":"Shaded","section":"Shading Mode"},"sceneLighting":true,"audioPlay":false,"sceneViewState":{"m_AlwaysRefresh":false,"showFog":true,"showSkybox":true,"showFlares":true,"showImageEffects":true,"showParticleSystems":true,"showVisualEffectGraphs":true,"m_FxEnabled":false},"in2DMode":false,"pivot":{"x":7.3846940994262699,"y":-0.8846650123596191,"z":24.047164916992189},"rotation":{"x":0.04439837858080864,"y":0.9529015421867371,"z":-0.24566131830215455,"w":0.17221836745738984},"size":5.6974639892578129,"orthographic":false}