{"cameraMode":{"drawMode":0,"name":"Shaded","section":"Shading Mode"},"sceneLighting":true,"audioPlay":false,"sceneViewState":{"m_AlwaysRefresh":false,"showFog":true,"showSkybox":true,"showFlares":true,"showImageEffects":true,"showParticleSystems":true,"showVisualEffectGraphs":true,"m_FxEnabled":false},"in2DMode":false,"pivot":{"x":-4.120814800262451,"y":-3.9494619369506838,"z":-0.9356775283813477},"rotation":{"x":-0.30152538418769839,"y":0.010279539041221142,"z":-0.003253945615142584,"w":-0.9533998370170593},"size":10.6267671585083,"orthographic":false}