{"cameraMode":{"drawMode":0,"name":"Shaded","section":"Shading Mode"},"sceneLighting":true,"audioPlay":false,"sceneViewState":{"m_AlwaysRefresh":false,"showFog":true,"showSkybox":true,"showFlares":true,"showImageEffects":true,"showParticleSystems":true,"showVisualEffectGraphs":true,"m_FxEnabled":false},"in2DMode":false,"pivot":{"x":0.591910719871521,"y":2.5200700759887697,"z":27.698871612548829},"rotation":{"x":0.13637873530387879,"y":0.5912148952484131,"z":-0.10228359699249268,"w":0.7882950901985169},"size":1.2569600343704224,"orthographic":false}