{"cameraMode":{"drawMode":0,"name":"Shaded","section":"Shading Mode"},"sceneLighting":true,"audioPlay":false,"sceneViewState":{"m_AlwaysRefresh":false,"showFog":true,"showSkybox":true,"showFlares":true,"showImageEffects":true,"showParticleSystems":true,"showVisualEffectGraphs":true,"m_FxEnabled":false},"in2DMode":false,"pivot":{"x":-0.733409583568573,"y":1.897727608680725,"z":18.239561080932618},"rotation":{"x":0.002019166946411133,"y":0.9656472206115723,"z":-0.2597900927066803,"w":0.007534863892942667},"size":1.4570649862289429,"orthographic":false}