{"cameraMode":{"drawMode":0,"name":"Shaded","section":"Shading Mode"},"sceneLighting":true,"audioPlay":false,"sceneViewState":{"m_AlwaysRefresh":false,"showFog":true,"showSkybox":true,"showFlares":true,"showImageEffects":true,"showParticleSystems":true,"showVisualEffectGraphs":true,"m_FxEnabled":true},"in2DMode":false,"pivot":{"x":-0.15631604194641114,"y":0.5915462374687195,"z":17.99150276184082},"rotation":{"x":0.0450768917798996,"y":0.8356162309646606,"z":-0.06935383379459381,"w":0.5430602431297302},"size":0.519696831703186,"orthographic":false}