{"cameraMode":{"drawMode":0,"name":"Shaded","section":"Shading Mode"},"sceneLighting":true,"audioPlay":false,"sceneViewState":{"m_AlwaysRefresh":false,"showFog":true,"showSkybox":true,"showFlares":true,"showImageEffects":true,"showParticleSystems":true,"showVisualEffectGraphs":true,"m_FxEnabled":false},"in2DMode":false,"pivot":{"x":6.492045879364014,"y":5.762415885925293,"z":5.046208381652832},"rotation":{"x":-0.21734456717967988,"y":0.04302710294723511,"z":-0.009590677917003632,"w":-0.9750998616218567},"size":0.9444891214370728,"orthographic":false}